{
    "@metadata": {
        "author": "PLEN Robotics Inc, and all authors.", 
        "required-firmware": "x.x.x~", 
        "target": "PLENCube"
    }, 
    "frames": [
        {
            "@index": 0,
            "head": true,
            "outputs": [
                {
                    "device": "head_height", 
                    "value": 12.0
                }, 
                {
                    "device": "head_roll_axis", 
                    "value": 0.0
                }, 
                {
                    "device": "head_pitch_axis", 
                    "value": 0.0
                }, 
                {
                    "device": "head_yaw_axis", 
                    "value": 0.0
                }
            ], 
            "transition_time_ms": 100.0
        }, 
        {
            "@index": 1,
            "head": true, 
            "outputs": [
                {
                    "device": "head_height", 
                    "value": 10.0
                }, 
                {
                    "device": "head_roll_axis", 
                    "value": 6.0
                }, 
                {
                    "device": "head_pitch_axis", 
                    "value": 0.0
                }, 
                {
                    "device": "head_yaw_axis", 
                    "value": 0.0
                }
            ], 
            "transition_time_ms": 200.0
        },
        {
            "@index": 2,
            "head": true,
            "outputs": [
                {
                    "device": "head_height", 
                    "value": 8.0
                }, 
                {
                    "device": "head_roll_axis", 
                    "value": -6.0
                }, 
                {
                    "device": "head_pitch_axis", 
                    "value": 0.0
                }, 
                {
                    "device": "head_yaw_axis", 
                    "value": 0.0
                }
            ], 
            "transition_time_ms": 200.0
        }, 
        {
            "@index": 2,
            "head": true,
            "outputs": [
                {
                    "device": "head_height", 
                    "value": 6.0
                }, 
                {
                    "device": "head_roll_axis", 
                    "value": -6.0
                }, 
                {
                    "device": "head_pitch_axis", 
                    "value": 0.0
                }, 
                {
                    "device": "head_yaw_axis", 
                    "value": 0.0
                }
            ], 
            "transition_time_ms": 200.0
        }, 
        {
            "@index": 3,
            "head": true,
            "outputs": [
                {
                    "device": "head_height", 
                    "value": 4.0
                }, 
                {
                    "device": "head_roll_axis", 
                    "value": 4.0
                }, 
                {
                    "device": "head_pitch_axis", 
                    "value": 0.0
                }, 
                {
                    "device": "head_yaw_axis", 
                    "value": 0.0
                }
            ], 
            "transition_time_ms": 200.0
        }, 
        {
            "@index": 4,
            "head": true,
            "outputs": [
                {
                    "device": "head_height", 
                    "value": 2.0
                }, 
                {
                    "device": "head_roll_axis", 
                    "value": -1.0
                }, 
                {
                    "device": "head_pitch_axis", 
                    "value": 0.0
                }, 
                {
                    "device": "head_yaw_axis", 
                    "value": 0.0
                }
            ], 
            "transition_time_ms": 200.0
        }, 
        {
            "@index": 5,
            "head": true,
            "outputs": [
                {
                    "device": "head_height", 
                    "value": 1.5
                }, 
                {
                    "device": "head_roll_axis", 
                    "value": 0.0
                }, 
                {
                    "device": "head_pitch_axis", 
                    "value": 0.0
                }, 
                {
                    "device": "head_yaw_axis", 
                    "value": 0.0
                }
            ], 
            "transition_time_ms": 200.0
        }, 
        {
            "@index": 6,
            "head": true,
            "outputs": [
                {
                    "device": "head_height", 
                    "value": 0.0
                }, 
                {
                    "device": "head_roll_axis", 
                    "value": 0.0
                }, 
                {
                    "device": "head_pitch_axis", 
                    "value": 0.0
                }, 
                {
                    "device": "head_yaw_axis", 
                    "value": 0.0
                }
            ], 
            "transition_time_ms": 200.0
        }, 
        {
            "@index": 7,
            "head": true,
            "outputs": [
                {
                    "device": "head_height", 
                    "value": 12.0
                }, 
                {
                    "device": "head_roll_axis", 
                    "value": 0.0
                }, 
                {
                    "device": "head_pitch_axis", 
                    "value": 0.0
                }, 
                {
                    "device": "head_yaw_axis", 
                    "value": 0.0
                }
            ], 
            "transition_time_ms": 300.0
        }, 
        {
            "@index": 8,
            "head": true,
            "outputs": [
                {
                    "device": "head_height", 
                    "value": 10.0
                }, 
                {
                    "device": "head_roll_axis", 
                    "value": 6.0
                }, 
                {
                    "device": "head_pitch_axis", 
                    "value": 0.0
                }, 
                {
                    "device": "head_yaw_axis", 
                    "value": 0.0
                }
            ], 
            "transition_time_ms": 200.0
        },
        {
            "@index": 9,
            "head": true,
            "outputs": [
                {
                    "device": "head_height", 
                    "value": 8.0
                }, 
                {
                    "device": "head_roll_axis", 
                    "value": -6.0
                }, 
                {
                    "device": "head_pitch_axis", 
                    "value": 0.0
                }, 
                {
                    "device": "head_yaw_axis", 
                    "value": 0.0
                }
            ], 
            "transition_time_ms": 200.0
        }, 
        {
            "@index": 10,
            "head": true,
            "outputs": [
                {
                    "device": "head_height", 
                    "value": 6.0
                }, 
                {
                    "device": "head_roll_axis", 
                    "value": -6.0
                }, 
                {
                    "device": "head_pitch_axis", 
                    "value": 0.0
                }, 
                {
                    "device": "head_yaw_axis", 
                    "value": 0.0
                }
            ], 
            "transition_time_ms": 200.0
        }, 
        {
            "@index": 11,
            "head": true,
            "outputs": [
                {
                    "device": "head_height", 
                    "value": 4.0
                }, 
                {
                    "device": "head_roll_axis", 
                    "value": 4.0
                }, 
                {
                    "device": "head_pitch_axis", 
                    "value": 0.0
                }, 
                {
                    "device": "head_yaw_axis", 
                    "value": 0.0
                }
            ], 
            "transition_time_ms": 200.0
        }, 
        {
            "@index": 12,
            "head": true,
            "outputs": [
                {
                    "device": "head_height", 
                    "value": 2.0
                }, 
                {
                    "device": "head_roll_axis", 
                    "value": -1.0
                }, 
                {
                    "device": "head_pitch_axis", 
                    "value": 0.0
                }, 
                {
                    "device": "head_yaw_axis", 
                    "value": 0.0
                }
            ], 
            "transition_time_ms": 200.0
        }, 
        {
            "@index": 13,
            "head": true,
            "outputs": [
                {
                    "device": "head_height", 
                    "value": 1.5
                }, 
                {
                    "device": "head_roll_axis", 
                    "value": 0.0
                }, 
                {
                    "device": "head_pitch_axis", 
                    "value": 0.0
                }, 
                {
                    "device": "head_yaw_axis", 
                    "value": 0.0
                }
            ], 
            "transition_time_ms": 200.0
        }, 
        {
            "@index": 14,
            "head": true,
            "outputs": [
                {
                    "device": "head_height", 
                    "value": 0.0
                }, 
                {
                    "device": "head_roll_axis", 
                    "value": 0.0
                }, 
                {
                    "device": "head_pitch_axis", 
                    "value": 0.0
                }, 
                {
                    "device": "head_yaw_axis", 
                    "value": 0.0
                }
            ], 
            "transition_time_ms": 200.0
        },  
        {
            "@index": 15, 
            "outputs": [
                {
                    "device": "head_height", 
                    "value": 12.0
                }, 
                {
                    "device": "head_roll_axis", 
                    "value": 0.0
                }, 
                {
                    "device": "head_pitch_axis", 
                    "value": -8.0
                }, 
                {
                    "device": "head_yaw_axis", 
                    "value": 0.0
                }
            ], 
            "transition_time_ms": 300.0
        }
    ], 
    "name": "raining", 
    "slot": 0
}